{
  "nmax": 1000000,
  "lmax": 50,
  "ferr": 1e-12,
  "filter": true,
  "nind": 1,
  "nmod": 1,
  "inistate": 1,
  "equilibrium": {
    "sc2": false,
    "dt-method": true,
    "ti": 0,
    "tf": 1000.0,
    "dt": 0.03,
    "backup": true
  },
  "expn": {
    "if_initial": true,
    "real": [
      0.01
    ],
    "imag": [
      0.0
    ]
  },
  "ham1": {
    "if_initial": true,
    "real": [
      0.5,
      0.0,
      0.0,
      -0.5
    ],
    "imag": [
      0.0,
      0.0,
      0.0,
      0.0
    ]
  },
  "coef_abs": {
    "if_initial": true,
    "real": [
      0.1
    ],
    "imag": [
      0.0
    ]
  },
  "kernel": {
    "kernel": true,
    "population": true,
    "system": false
  },
  "qmdta_l": {
    "if_initial": true,
    "real": [
      0.0,
      0.31622776601683794,
      0.31622776601683794,
      0.0
    ],
    "imag": [
      0.0,
      0.0,
      0.0,
      0.0
    ]
  },
  "qmdta_r": {
    "if_initial": true,
    "real": [
      0.0,
      0.31622776601683794,
      0.31622776601683794,
      0.0
    ],
    "imag": [
      0.0,
      0.0,
      0.0,
      0.0
    ]
  },
  "qmdtc_l": {
    "if_initial": true,
    "real": [
      0.0,
      0.0316227766016838,
      0.0316227766016838,
      0.0
    ],
    "imag": [
      0.0,
      0.0,
      0.0,
      0.0
    ]
  },
  "qmdtc_r": {
    "if_initial": true,
    "real": [
      0.0,
      0.0316227766016838,
      0.0316227766016838,
      0.0
    ],
    "imag": [
      0.0,
      0.0,
      0.0,
      0.0
    ]
  }
}